1,Homecenter Sodimac,Homencenter.jpg
2,París,Paris.jpg
3,Ripley,Ripley.jpg
4,Lider,Lider.jpg
5,La Polar,LaPolar.jpg
6,Falabella,Falabella.jpg
7,Opticas Rotter & Krauss,Rotter&Krauss.jpg
8,Make Up,Makeup.jpg
9,Lineatre,Lineatre.jpg
10,Intersalon,Intersalon.jpg
11,Flores,Flores.jpg
12,MOR,Mor.jpg
13,Matthew,Mathew.jpg
14,Boumex,Boumex.jpg
15,Monarch,Monarch.jpg
16,Ferracini,Ferracini.jpg
17,Kayser,Kayser.jpg
18,Presto,Presto.jpg
19,Farmacias Cruz Verde,CruzVerde.jpg
20,Yogen Fruz,YogenFruz.jpg
21,Konica Minolta,Konica.jpg
22,Gacel,Gacel.jpg
23,Block,block.jpg
24,Farmacias SalcoBrand,Farmaciasalcobrand.jpg
25,Banco Ripley,BancoRipley.jpg
26,Todo Piel,TodoPiel.jpg
27,Opticas Place Vendome,PlaceVendome.jpg
28,Belsport,BellSport.jpg
29,Banco París,BancoParis.jpg
30,Kodak,Kodak.jpg
31,Le Coin,LeCoin.jpg
32,Banco BBVA,BBVA.jpg
33,vacante 01,
34,Banco Credichile,Credichile.jpg
35,Banco BCI Nova,BCINOVA.jpg
36,Banco BCI,BCI.jpg
37,Farmacias Ahumada,FarmaciaAhumada.jpg
38,Opticas Rotter & Krauss,Rotter&Krause.jpg
39,Librería Lápiz López,LapizLopez.jpg
40,Lego,Lego.jpg
41,Ficcus,Ficcus.jpg
42,Sparta,Sparta.jpg
43,Bata,Bata.jpg
44,Ferouch,Ferouch.jpg
45,Maui & Sons,Maui.jpg
46,Hush Puppies,HushPuppies.jpg
47,Coty's,Coty`s.jpg
48,Saxoline,Saxoline.jpg
49,Skechers,Skechers.jpg
50,Banco Falabella,BancoFalabella.jpg
51,Bariloche,Bariloche.jpg
52,Funsport,Funsport.jpg
53,Opticas GMO,GMO.jpg
54,Banco de Chile,BancodeChile.jpg
55,vacante 02,
56,Entel PCS,Entel.jpg
57,Pre-Unic,PreUnic.jpg
58,Joyeria Venezia,JoyeriasVenezia.jpg
59,Potros,Potros.jpg
60,Rockford,RKF.jpg
61,Bruno Rossi,BrunoRossi.jpg
62,Guante,Guante.jpg
63,Café Etoile,CafeEtoile.jpg
64,Bravíssimo,Bravissimo.jpg
65,Lounge,Lounge.jpg
66,Wado´s,Wados.jpg
67,Cat,Cat.jpg
68,Umbrale,Umbrale.jpg
69,Vacante 29,
70,vacante 04,
71,Chilexpress,Chilexpress.jpg
72,Banco de Chile,BancoChile.jpg
73,Vacante 03,
74,Banco Santander,BancoSantander.jpg
76,París,Paris.jpg
77,Ripley,Ripley.jpg
79,La Polar,LaPolar.jpg
80,Falabella,Falabella.jpg
81,Bravíssimo,Bravissimo.jpg
82,The Line,TheLine.jpg
83,JJO,JJO.jpg
84,vacante 05,
85,Foster,Foster.jpg
86,Americanino,Americanino.jpg
87,Vacante 28,
88,Microplay,Microplay.jpg
89,Mac Online,Maconline.jpg
90,Bellota,Bellota.jpg
91,Dijon,Dijon.jpg
92,Chantilly,CasaChantilly.jpg
93,Opticas Schilling,OpticaShilling.jpg
94,Bubble Gummers,BubbleGummers.jpg
95,The Fashion of Colour,fashioncolour.jpg
96,Pillin,Pillin.jpg
97,Audio Vision,AudioVision.jpg
98,Toy Planet,ToyPlanet.jpg
99,Savory,Savory.jpg
100,Fritz,Fritz.jpg
101,Doggis,Doggi`s.jpg
102,Kentucky Fried Chicken,KFC.jpg
103,Telepizza,Telepizza.jpg
104,Lomiton,Lomito.jpg
105,Vacante 26,
106,Vacante 27,
107,Happyland,HappyLand.jpg
108,Buffet Express,BuffetExpress.jpg
109,Juan Maestro,juanmaestro.jpg
110,Bresler,bresler
111,Joyeria Fi Gen,JoyeriaFiGen.jpg
112,Limonada,Limonada.jpg
113,Head,HEAD.jpg
114,Gatsby,Gatsby.jpg
115,Colloky,Colloky.jpg
116,Cecy´s,Cecy`s.jpg
117,A3D,A3D.jpg
118,Moletto,Moletto.jpg
119,Hippie Chic,HippieChic.jpg
120,Baby Infanti,BabyInfanty.jpg
121,Fashion´s Park,FashionPark.jpg
122,Feria Mix,FeriaMix.jpg
123,HP,HP.jpg
124,Running,Running.jpg
125,Black & Blue,Black&Blue.jpg
126,Imagen,Imagen.jpg
127,Ripcurl,Ripcurl.jpg
128,Vacante 07,
129,vacante 06,
130,Patuelli,Patuelli.jpg
131,Cinemundo,Cinemundo.jpg
132,Chevrolet,Chevrolet.jpg
133,Fortaleza,Fortaleza.jpg
134,Vacante 21,
135,Vacante 22,
136,Vacante 31,
137,vacante 14,
138,vacante 19,
139,vacante 20,
140,vacante 15,
141,vacante 17,
142,vacante 18,
143,Diaye,Diaye.jpg
144,Servipag,Servipag.jpg
145,Correos de Chile,CorreosDeChile.jpg
146,Tronwell,Tronwell.jpg
147,vacante 16,
148,Full Auto Manhanttan,AutoManhattan.jpg
149,vacante 13,
150,vacante 12,
151,vacante 11,
152,vacante 10,
153,AIEP,aiep.jpg
154,vacante 09,
155,Autosummit SK,AutosummitSK.jpg
156,Hyundai,Hyundai.jpg
157,Registro Civil,registrocivil.jpg
158,vacante 30,
159,Vacante 33,
160,Vacante 32,
161,Vacante 25,
162,vacante 08,
163,Vacante 23,
164,Vacante 24,
165,Pullman Bus,pullman.jpg
166,Kia,kia.jpg
167,Caffarena,caffarena.jpg
168,Isadora,isadora.jpg
169,Tarragona,tarragona.jpg
