1,Boutique del Pan 1,boutiquedelpan.jpg
2,Banco  de Chile 1,bancodechile.jpg
3,Servipag,servipag.jpg
4,Vacante 1,null.jpg
5,Boutique del Pan 2,boutiquedelpan.jpg
6,Registro Civil,registrocivil.jpg
7,La Familia,lafamilia.jpg
8,Multipagos,multipagos.jpg
9,Clinic Express,clinicexpress.jpg
10,Correos de Chile,correosdechile.jpg
11,Integramédica,integramedica.jpg
12,Farmacias Salcobrand,salcobrand.jpg
13,Intersalon,intersalon.jpg
14,Audiomúsica,audiomusica.jpg
15,París,paris.jpg
16,Pivadiva,pivadiva.jpg
17,Baby Infanti,babyinfanti.jpg
18,Kayser,kayser.jpg
19,Banco París,bancoparis.jpg
20,Caffarena,caffarena.jpg
21,Anastassia,anastassia.jpg
22,Calandre,calandre.jpg
23,I & O,io.jpg
24,Bubble Gummers,bubblegummers.jpg
25,Hush Puppies,hushpuppies.jpg
26,Guante,guante.jpg
27,Reifshneider,reifshneider.jpg
28,Limonada,limonada.jpg
29,Gacel,gacel.jpg
30,MOR,mor.jpg
31,Opticas Rotter & Krauss,rk.jpg
32,Colloky,colloky.jpg
33,Matthew,matthew.jpg
34,Rockford,rockford.jpg
35,Ferouch,ferouch.jpg
36,Claro,claro.jpg
37,Banco Itaú,bancoitau.jpg
41,Rip Curl,ripcurl.jpg
42,Savory 1,savory.jpg
43,Vacante 2,null.jpg
44,Mc Donalds,mcdonalds.jpg
45,Farmacias Cruz Verde,farmaciascruzverde.jpg
46,Vacante 3,null.jpg
47,Vacante 4,null.jpg
48,Bariloche,bariloche.jpg
49,Biblioteca Viva,bibliotecaviva.jpg
50,Mc Café,mccafe.jpg
51,JJO,jjo.jpg
52,Schop Dog,schopdog.jpg
53,Carteras Italianas,carterasItalianas.jpg
54,Bata,bata.jpg
55,Foster,foster.jpg
56,Saxoline,saxoline.jpg
57,Preunic,preunic.jpg
58,Coty´s,cotys.jpg
59,La estrella Alpina,laestrellaalpina.jpg
60,Banco de Chile,bancodechile.jpg
61,Banco Credichile,credichile.jpg
62,New Man,newman.jpg
63,Banco Nova,banconovabbva.jpg
64,Banco Banefe,bancobanefe.jpg
65,Belsport,belsport.jpg
66,Ópticas GMO,opticasgmo.jpg
67,Farmacias Ahumada,farmaciasahumada.jpg
68,Banco Falabella,bancofalabella.jpg
69,Feria Mix,feriamix.jpg
70,Americanino,americanino.jpg
71,Inside,inside.jpg
72,Funsport,funsport.jpg
73,Adidas,adidas.jpg
74,Falabella,falabella.jpg
75,Bravissimo,bravissimo.jpg
76,Sparta,sparta.jpg
77,Mcroplay,mcroplay.jpg
78,Cinemark,cinemark.jpg
85,Reebok,reebok.jpg
86,Happyland,happyland.jpg
87,Chevrolet,chevrolet.jpg
88,Hyundai,hyundai.jpg
89,SMA/ sunlong / Mahindra,smasunlongmahindra.jpg
90,BCI Autos,bciautos.jpg
91,CMR Automotriz,cmrautomotriz.jpg
92,Central Frenos,centralfrenos.jpg
93,Nike,nike.jpg
94,Kevingstone,kevingstone.jpg
95,Puma,puma.jpg
96,EPK,epk.jpg
97,IO,io.jpg
98,IO-Ashanti,ioashanti.jpg
99,Lineatre,lineatre.jpg
100,Lippi,lippi.jpg
101,Café Bonafide,cafebonafide.jpg
102,DBS Beauty Store,dbs.jpg
103,Lacoste,lacoste.jpg
104,Seville Row,sevillerow.jpg
105,WLS,wls.jpg
106,Columbia,columbia.jpg
107,Mimo,mimo.jpg
108,Isadora,isadora.jpg
109,WS,ws.jpg
110,Marittimo,marittimo.jpg
111,Restaurant,restaurant.jpg
112,Vacante 5,null.jpg
113,Vacante 6,null.jpg
114,Sushi,sushi.jpg
115,Farmacias SalcoBrand,salcobrand.jpg
116,Peluquería Joaquín,peluqueriajoaquin.jpg
117,All Nutrition,allnutrition.jpg
118,SPA,spa.jpg
119,Banco Estado,bancoestado.jpg
120,Entel PCS,entel.jpg
121,Mi Café,micafe.jpg
122,Banco Nova 2,banconova.jpg
123,French Beauty,frenchbeauty.jpg
124,Vacante 8,null.jpg
125,Sportlife,sportlife.jpg
126,AIEP,aiep.jpg
127,Larraín Vial,larrainvial.jpg
128,París,paris.jpg
129,Cannon,cannon.jpg
130,Azaleia,azaleia.jpg
131,Carré,Carre.jpg
132,Todo Piel,todopiel.jpg
133,Levis,levis.jpg
134,Ópticas Schilling,opticasschilling.jpg
135,Baby Infanti,babyinfanti.jpg
136,Home & Cook,homecook.jpg
137,Ferracini,ferracini.jpg
138,Fes,fes.jpg
139,Dockers,dockers.jpg
140,Alpesport,alpesport.jpg
141,Block,block.jpg
142,Moletto,moletto.jpg
143,Matías,matias.jpg
144,Yogen Fruz,yogenfruz.jpg
145,Econópticas,econopticas.jpg
146,B for B,bforb.jpg
147,Pollini,pollini.jpg
148,Mia,mia.jpg
149,Flores,flores.jpg
150,Joyería Baron,joyeriabaron.jpg
151,The Coffe House,thecoffehouse.jpg
152,Thielemann Art,thielemannart.jpg
153,Lápiz López,lapizlopez.jpg
154,Palumbo,palumbo.jpg
155,Salas Comunitarias H. de Cristo,hogardecristo.jpg
158,Helados San Francisco,heladossanfrancisco.jpg
159,Dominó,domino.jpg
160,China Wok,chinawok.jpg
161,Doggis,doggis.jpg
162,Kentucky Fried Chicken,kfc.jpg
163,Telepizza,telepizza.jpg
164,Buffet Express,buffetexpress.jpg
165,Frutos,frutos.jpg
166,Lomiton,lomiton.jpg
167,Wados,wados.jpg
168,Savory,savory.jpg
169,Fritz,fritz.jpg
170,Maui & Sons,maui.jpg
171,Oakley,oakley.jpg
172,Cajero Banco de Chile,cajerobancochile.jpg
173,Kudam,kudam.jpg
174,Falabella,falabella.jpg
175,Tarragona,tarragona.jpg
176,Lego Store,legostore.jpg
177,Umbrale,umbrale.jpg
178,Mc Donalds,mcdonalds.jpg
179,Ópticas Place Vendome,placevendome.jpg
180,Tronwell,tronwell.jpg
