1,Power House,PowerHouse.jpg
2,Ripley Piso 1,RipleyPiso1.jpg
3,Vacante 1,Vacante1.jpg
4,Preunic,Preunic.jpg
5,Intersalon,Intersalon.jpg
6,Palumbo,Palumbo.jpg
7,Home and Cook,HomeandCook.jpg
8,Flores,Flores.jpg
9,Bravíssimo,Bravíssimo.jpg
10,Cardinale,Cardinale.jpg
11,Reifschneider,Reifschneider.jpg
12,Maui & Sons,Maui&Sons.jpg
13,Timberland,Timberland.jpg
14,Dockers,Dockers.jpg
15,GMO,GMO.jpg
16,Arrow,Arrow.jpg
17,Bubble Gummers,BubbleGummers.jpg
18,Librería Nacional,LibreríaNacional.jpg
19,UR - COR,UR–COR.jpg
20,Café,Café.jpg
21,Xception,Xception.jpg
22,Casa Blanca,CasaBlanca.jpg
23,Falabella Piso 1,FalabellaPiso1.jpg
24,Casa Ideas,CasaIdeas.jpg
25,Baby Infanti,BabyInfanti.jpg
26,Potros,Potros.jpg
27,Naturalizer,Naturalizer.jpg
28,Poeme,Poeme.jpg
29,Top Underwear,TopUnderwear.jpg
30,Bata,Bata.jpg
31,Big Bang,BigBang.jpg
32,Monarch,Monarch.jpg
33,Belsport,Belsport.jpg
34,Levi´s,Levi´s.jpg
35,Ópticas Place Vendome,ÓpticasPlaceVendome.jpg
36,Casio,Casio.jpg
37,Lan Chile,LanChile.jpg
38,Baño Hombres,BañoHombres.jpg
39,Bata 2,Bata2.jpg
40,Fes,Fes.jpg
41,Casa Amarilla,CasaAmarilla.jpg
42,Bravíssimo 1,Bravíssimo1.jpg
43,Schop Dog,SchopDog.jpg
44,Vacante 2,Vacante2.jpg
45,Vacante 3,Vacante3.jpg
46,Piccola Italia,PiccolaItalia.jpg
47,Green Bull,GreenBull.jpg
48,Vacante 4,Vacante4.jpg
49,Sushi House,SushiHouse.jpg
50,Mamut,Mamut.jpg
51,Kodak,Kodak.jpg
52,Shoes and Piel,ShoesandPiel.jpg
53,Saxoline,Saxoline.jpg
54,Hush Puppies,HushPuppies.jpg
55,Energy,Energy.jpg
56,Vacante 5,Vacante5.jpg
57,Matt Bags,MattBags.jpg
58,Azaleia,Azaleia.jpg
59,New Man,NewMan.jpg
60,H.P. Kids,H.P.Kids.jpg
61,We Love Shoes,WeLoveShoes.jpg
62,Caffarena,Caffarena.jpg
63,EXS,EXS.jpg
64,Animation,Animation.jpg
65,Fashion´s  Park,Fashion´sPark.jpg
66,Farmacias Ahumada,FarmaciasAhumada.jpg
67,PC Factory,PCFactory.jpg
68,All Nutrition,AllNutrition.jpg
69,Anden Alfa 2,AndenAlfa2.jpg
70,Baño Niños,BañoNiños.jpg
71,Baño Mujer,BañoMujer.jpg
72,Cruz Verde,CruzVerde.jpg
73,Integramédica,Integramédica.jpg
74,París Piso 1,ParísPiso1.jpg
75,Casa Royal,CasaRoyal.jpg
76,Trendy,Trendy.jpg
77,Adidas,Adidas.jpg
78,Fun Sport,FunSport.jpg
79,Mathew,Mathew.jpg
80,London Avenue,LondonAvenue.jpg
81,Efesis,Efesis.jpg
82,Coty´s,Coty´s.jpg
83,Colloky,Colloky.jpg
84,Wados,Wados.jpg
85,Rock Ford,RockFord.jpg
86,Todo Moda,TodoModa.jpg
87,Cannon,Cannon.jpg
88,Rotter y Krauss,RotteryKrauss.jpg
89,Casa Chantilly,CasaChantilly.jpg
90,Coppelia,Coppelia.jpg
91,DBS,DBS.jpg
92,HOMY,HOMY.jpg
93,Cinemark,Cinemark.jpg
94,Duoc,Duoc.jpg
95,Vacante 6,Vacante6.jpg
96,Cajero Banco Chile,CajeroBancoChile.jpg
97,Centro de Fotocopiado,CentrodeFotocopiado.jpg
98,Vacante 7,Vacante7.jpg
99,Vacante 8,Vacante8.jpg
100,Vacante 9,Vacante9.jpg
101,Vacante 10,Vacante10.jpg
102,Transantiago / Servipag,Transantiago/Servipag.jpg
103,Farmacias Ahumada 2,FarmaciasAhumada2.jpg
104,Servicio Técnico Kia,ServicioTécnicoKia.jpg
105,Chevrolet,Chevrolet.jpg
106,Pompeyo Carrasco,PompeyoCarrasco.jpg
107,Ssang Young,SsangYoung.jpg
108,Volk Wagen,VolkWagen.jpg
109,Suzuki,Suzuki.jpg
110,Mazda / Samsung,Mazda/Samsung.jpg
111,Peugeot Autosummit,PeugeotAutosummit.jpg
112,Chrysler,Chrysler.jpg
113,Citroen,Citroen.jpg
114,Gildemeister,Gildemeister.jpg
115,Derco 1,Derco1.jpg
116,Chuck and Cheese,ChuckandCheese.jpg
117,Servicio Técnico Derco,ServicioTécnicoDerco.jpg
118,Llantas del Pacífico,LlantasdelPacífico.jpg
119,Central frenos,Centralfrenos.jpg
120,Duglas Lubricentro 1,DuglasLubricentro1.jpg
121,Ferripaldi,Ferripaldi.jpg
122,SSTT Chery,SSTTChery.jpg
123,Neumaton,Neumaton.jpg
124,Duglas Lubricentro 2,DuglasLubricentro2.jpg
125,Derco 2,Derco2.jpg
126,Carmeister,Carmeister.jpg
127,Vacante 11,Vacante11.jpg
128,Optimaxx  Car,OptimaxxCar.jpg
129,Chery 1,Chery1.jpg
130,CMR,CMR.jpg
131,Pompeyo 1,Pompeyo1.jpg
132,Derco 3,Derco3.jpg
133,BCI,BCI.jpg
134,Toyota,Toyota.jpg
135,Nissan,Nissan.jpg
136,Derco 4,Derco4.jpg
137,Ford,Ford.jpg
138,Mitsubishi,Mitsubishi.jpg
139,Fortaleza,Fortaleza.jpg
140,Autobahn,Autobahn.jpg
141,Patio Constructor,PatioConstructor.jpg
142,Homecenter,Homecenter.jpg
143,Botánica,Botánica.jpg
144,Tottus,Tottus.jpg
145,Vacante 12,Vacante12.jpg
146,Vacante 13,Vacante13.jpg
147,Vacante 14,Vacante14.jpg
148,Floristeria,Floristeria.jpg
149,Bolckbuster,Bolckbuster.jpg
150,Promociones Turisticas,PromocionesTuristicas.jpg
151,Ansoma,Ansoma.jpg
152,Multiservice,Multiservice.jpg
153,Correos de Chile,CorreosdeChile.jpg
154,Nail Touch,NailTouch.jpg
155,Servicio Tottus,ServicioTottus.jpg
156,Ashvy,Ashvy.jpg
157,Tabaco Store,TabacoStore.jpg
158,Vacante 15,Vacante15.jpg
159,Farmacias Baum,FarmaciasBaum.jpg
160,ServiPag,ServiPag.jpg
161,Banco de Chile,BancodeChile.jpg
162,Batta Express,BattaExpress.jpg
163,Casa Pichara,CasaPichara.jpg
164,Vacante 16,Vacante16.jpg
165,Juisma,Juisma.jpg
166,Vacante 17,Vacante17.jpg
167,Fiesta y Regalos,FiestayRegalos.jpg
168,Farmacia Cruz Verde,FarmaciaCruzVerde.jpg
169,San Camilo,SanCamilo.jpg
170,Pompeyo 2,Pompeyo2.jpg
171,Chery 2,Chery2.jpg
172,Banco Paris,BancoParis.jpg
173,Bresler,Bresler.jpg
174,Bruno Rossi,BrunoRossi.jpg
175,Microplay,Microplay.jpg
176,Daily,Daily.jpg
177,Dulce luna,Dulceluna.jpg
178,Bravel,Bravel.jpg
179,Block,Block.jpg
180,Ampora,Ampora.jpg
181,Boumex,Boumex.jpg
182,Perfumame,Perfumame.jpg
183,Zara,Zara.jpg
184,GMO,GMO.jpg
185,Romano,Romano.jpg
186,Joyerias Baron,JoyeriasBaron.jpg
187,Todo Piel,TodoPiel.jpg
188,Homy,Homy.jpg
189,Intime 1,Intime1.jpg
190,Vacante 18,Vacante18.jpg
191,Glam,Glam.jpg
192,Ripley Piso 2,RipleyPiso2.jpg
193,Banco Ripley,BancoRipley.jpg
194,Rebok,Rebok.jpg
195,Patvelli,Patvelli.jpg
196,Tobacco,Tobacco.jpg
197,Ferracini,Ferracini.jpg
198,Puma,Puma.jpg
199,Cory,Cory.jpg
200,Nicopoly,Nicopoly.jpg
201,Black & Blue,Black&Blue.jpg
202,VZO,VZO.jpg
203,Intime 2,Intime2.jpg
204,Bellota,Bellota.jpg
205,O. Schilling,O.Schilling.jpg
206,M.haddad,M.haddad.jpg
207,Umbro,Umbro.jpg
208,Salco Brand,SalcoBrand.jpg
209,DunkinDonuts,DunkinDonuts.jpg
210,Pillin,Pillin.jpg
211,Vacancte 19,Vacancte19.jpg
212,Vacancte 20,Vacancte20.jpg
213,Vacancte 21,Vacancte21.jpg
214,Afex,Afex.jpg
215,Cajero BCO Chile,CajeroBCOChile.jpg
216,Pabellón de la Construcción,PabellóndelaConstrucción.jpg
217,Movistar,Movistar.jpg
218,Vacancte 22,Vacancte22.jpg
219,Area de mesas 4,Areademesas4.jpg
220,Area de mesas  3,Areademesas3.jpg
221,Vacancte 23,Vacancte23.jpg
222,Bodega Bavissimo,BodegaBavissimo.jpg
223,Vacancte 24,Vacancte24.jpg
224,Vacancte 25,Vacancte25.jpg
225,Vacancte 26,Vacancte26.jpg
226,Vacancte 27,Vacancte27.jpg
227,Vacancte 28,Vacancte28.jpg
228,Vacancte 29,Vacancte29.jpg
229,Teletrack,Teletrack.jpg
230,Vacancte 30,Vacancte30.jpg
231,Vacancte 31,Vacancte31.jpg
232,Claro,Claro.jpg
233,Vacancte 32,Vacancte32.jpg
234,Libreria Antartica,LibreriaAntartica.jpg
235,Falabella Piso 2,FalabellaPiso2.jpg
236,Banco BCI,BancoBCI.jpg
237,Banco Chile,BancoChile.jpg
238,Cajero BCO Chile,CajeroBCOChile.jpg
239,Calandre,Calandre.jpg
240,J.Baron,J.Baron.jpg
241,Kaiser,Kaiser.jpg
242,Ficcus,Ficcus.jpg
243,Lapiz Lopez,LapizLopez.jpg
244,Capellini,Capellini.jpg
245,imagenes,imagenes.jpg
246,Via 1,Via1.jpg
247,Ferouch,Ferouch.jpg
248,Guardia,Guardia.jpg
249,Baño Hombres,BañoHombres.jpg
250,Banco Falabella,BancoFalabella.jpg
251,Jhonsons,Jhonsons.jpg
252,Oficinas Administrativas,OficinasAdministrativas.jpg
253,Baño Mujeres,BañoMujeres.jpg
254,Gino,Gino.jpg
255,Disworld,Disworld.jpg
256,Limonada,Limonada.jpg
257,Moleto,Moleto.jpg
258,De togni,Detogni.jpg
259,Head,Head.jpg
260,Osito,Osito.jpg
261,Gacel,Gacel.jpg
262,Guante,Guante.jpg
263,Entel,Entel.jpg
264,Credi Chile,CrediChile.jpg
265,BCO estado,BCOestado.jpg
266,Paris Piso 2,ParisPiso2.jpg
267,Vacancte 33,Vacancte33.jpg
268,Banefe,Banefe.jpg
269,Banco santander santiago,Bancosantandersantiago.jpg
270,Banco ITAU,BancoITAU.jpg
271,Banco Nova,BancoNova.jpg
272,Banco Estado,BancoEstado.jpg
273,Vacancte 34,Vacancte34.jpg
274,Hootters,Hootters.jpg
275,Area de mesas 1,Areademesas1.jpg
276,Area de mesas 2,Areademesas2.jpg
277,Area de mesas 5,Areademesas5.jpg
278,Publicity,Publicity.jpg
279,Santo Demonio,SantoDemonio.jpg
280,Max Style,MaxStyle.jpg
281,Vox,Vox.jpg
282,Siux,Siux.jpg
283,Savory,Savory.jpg
284,Kicks,Kicks.jpg
285,Vacante 35,Vacante35.jpg
286,Gotcha,Gotcha.jpg
287,Vacante 36,Vacante36.jpg
288,100% Fútbol,100%Fútbol.jpg
289,Extreme,Extreme.jpg
290,Esprit,Esprit.jpg
291,Irol,Irol.jpg
292,Scarla,Scarla.jpg
293,Vacante 37,Vacante37.jpg
294,NGX,NGX.jpg
295,Vacante 38,Vacante38.jpg
296,Cajero,Cajero.jpg
297,HP,HP.jpg
298,Monix,Monix.jpg
299,Distri Hogar,DistriHogar.jpg
300,Ripley Piso 3,RipleyPiso3.jpg
301,Bodega ripley,Bodegaripley.jpg
302,Esparta,Esparta.jpg
303,Doit,Doit.jpg
304,Panasonic,Panasonic.jpg
305,Privileg,Privileg.jpg
306,Pimp´s,Pimp´s.jpg
307,Sketchers,Sketchers.jpg
308,Americanino,Americanino.jpg
309,Opalline,Opalline.jpg
310,trial,trial.jpg
311,festina,festina.jpg
312,Zoo2,Zoo2.jpg
313,Sabory,Sabory.jpg
314,Bbyb,Bbyb.jpg
315,We play,Weplay.jpg
316,Pet City,PetCity.jpg
317,Falabella Piso 3,FalabellaPiso3.jpg
318,Gsm,Gsm.jpg
319,Regalos,Regalos.jpg
320,Jugetes Kaiser,JugetesKaiser.jpg
321,Baby center,Babycenter.jpg
322,Foster,Foster.jpg
323,J.J.O,J.J.O.jpg
324,Umbro,Umbro.jpg
325,Umbrela,Umbrela.jpg
326,Fritz,Fritz.jpg
327,Baño niños,Bañoniños.jpg
328,Baños Mujer,BañosMujer.jpg
329,China Wok,ChinaWok.jpg
330,Astoria,Astoria.jpg
331,Vacante 39,Vacante39.jpg
332,Express Buffet,ExpressBuffet.jpg
333,Doggis,Doggis.jpg
334,HappyLand,HappyLand.jpg
335,Tarragona,Tarragona.jpg
336,Telepizza,Telepizza.jpg
337,Area mesas comida,Areamesascomida.jpg
338,Mc Donalds,McDonalds.jpg
339,Juan Maestro,JuanMaestro.jpg
340,Lomiton,Lomiton.jpg
341,KFC,KFC.jpg
342,Pizza Hut,PizzaHut.jpg
343,Burger King,BurgerKing.jpg
344,Buffalo,Buffalo.jpg
345,Dominó,Dominó.jpg
346,Rip Curl,RipCurl.jpg
347,Baño Hombres,BañoHombres.jpg
348,Baño niños,Bañoniños.jpg
349,Nike,Nike.jpg
350,Vacante 40,Vacante40.jpg
351,Inside,Inside.jpg
352,Polemic,Polemic.jpg
353,Audio Música,AudioMúsica.jpg
354,Paris Piso 3,ParisPiso3.jpg

